sent_time,content
2016-11-20 16:27:39,看到EVA就滚进来开女神了
2016-11-20 16:29:05,昨天才3000多播放次数，现在居然都9万多了……
2016-11-20 16:29:15,画质好评。弹幕不说啥了。
2016-11-20 16:30:15,剪辑有点好啊
2016-11-20 16:31:31,系内！
2016-11-20 16:31:37,所以说最后的剧场版什么时候有
2016-11-20 16:31:37,第一
2016-11-20 16:33:07,凌波女神
2016-11-20 16:34:12,原来是梦之安魂曲
2016-11-20 16:35:33,画质感人
2016-11-20 16:36:10,有生之年系列。。。。
2016-11-20 16:38:14,好他妈然
2016-11-20 16:39:18,我留这硬币何用
2016-11-20 16:39:47,见初号机滚
2016-11-20 16:39:59,BGM满分
2016-11-20 16:40:26,哦哦哦……这画质……还是3d的
2016-11-20 16:41:27,哇考  我的21:9居然能在b站满屏新科技啊
2016-11-20 16:42:49,画质感人
2016-11-20 16:43:30,我看的eva明明不是这样的…
2016-11-20 16:44:23,youtube上面的画质已经爆炸了！及其炫酷，B站上面被压的好厉害。。。
2016-11-20 16:45:05,如果玩声优梗的话并不是卡卡西是我爱罗
2016-11-20 16:45:35,说没有60FPS的请把画质调到超清
2016-11-20 16:45:43,新剧场第四部无限期跳票啊
2016-11-20 16:45:52,人物有那么帅的吗？！
2016-11-20 16:45:55,火钳刘明~~
2016-11-20 16:46:46,你们看up住
2016-11-20 16:46:50,这个画质太赞了！
2016-11-20 16:46:59,看up主啥时候投的
2016-11-20 16:47:52,没看过EVA的小同学们注意，实际番馁大部分是纯2d画面
2016-11-20 16:48:11,序，破，Q
2016-11-20 16:48:33,这个amv里的仿3d效果多是作者自己苦心做出来的
2016-11-20 16:49:09,但是原作也非常好看，有很多隐晦的人生观的反思
2016-11-20 16:49:25,第四部还不出。。
2016-11-20 16:49:35,这是钢炼的瓶中小人罢
2016-11-20 16:49:40,99年有这样的画质？
2016-11-20 16:50:12,火钳刘明
2016-11-20 16:50:26,- -
2016-11-20 16:50:28,十三使徒
2016-11-20 16:50:44,那部
2016-11-20 16:51:53,这可是动画片的教学大纲
2016-11-20 16:52:09,使徒存活原则：看见没电还能动的初号机赶紧跑！
2016-11-20 16:52:11,先留言在说
2016-11-20 16:52:51,画质真心好
2016-11-20 16:53:59,钢炼人造人的父亲
2016-11-20 16:54:39,没看过EVA的 就悄悄地
2016-11-20 16:55:08,人类补(圈)全(钱)计划
2016-11-20 16:55:45,背景里是《黑客帝国：第三次复兴》
2016-11-20 16:56:02,大角虫
2016-11-20 16:56:14,剧场版的
2016-11-20 16:57:25,刚刚的钢炼什么鬼！
2016-11-20 16:57:49,良心制作
2016-11-20 16:58:33,我第一个女朋友  和绫波零好像
2016-11-20 16:58:43,画质感人
2016-11-20 17:00:03,前方核能
2016-11-20 17:00:15,暂停成功
2016-11-20 17:00:16,日本人说国漫有什么不对？
2016-11-20 17:00:42,要上天吗q(°A°`)r
2016-11-20 17:00:43,人比弹幕多
2016-11-20 17:00:58,厉害了
2016-11-20 17:01:24,开头见
2016-11-20 17:01:25,新剧场版应该分上下吧，一部填不完天坑-_-||
2016-11-20 17:01:49,哪里能搞到这么牛逼的画质》》？？
2016-11-20 17:02:23,...这是剧场版啊  当然画质好了
2016-11-20 17:02:35,厉害了我的哥
2016-11-20 17:03:54,壮哉我大EVA
2016-11-20 17:04:00,国民级作品啊 日本当年很多人想死于是出了这部神级作品 到现在依然神级
2016-11-20 17:04:03,熏！！！
2016-11-20 17:04:09,←不用问了没人会告诉你的
2016-11-20 17:04:24,问番的可以出去了
2016-11-20 17:04:32,60帧看着真爽
2016-11-20 17:04:35,虽说看不懂，还是觉得不错
2016-11-20 17:04:52,这是剧场版，跟原作有所不同
2016-11-20 17:06:33,画质点个赞
2016-11-20 17:07:36,见封滚
2016-11-20 17:07:45,Dubstep好评
2016-11-20 17:07:56,233333
2016-11-20 17:08:13,火钳刘明
2016-11-20 17:09:17,EVA果断经来
2016-11-20 17:10:01,我什么钢炼的片段混进来了
2016-11-20 17:10:03,从小看eva长大的你过来 我都不信你家让你看着
2016-11-20 17:10:14,突然想起mememe
2016-11-20 17:10:19,见封滚
2016-11-20 17:10:19,誓言
2016-11-20 17:10:41,为毛有钢炼的片段！！！！
2016-11-20 17:11:26,哇咔咔
2016-11-20 17:11:40,感觉看的不是一个番
2016-11-20 17:11:42,感觉看的不是一个东西
2016-11-20 17:12:49,1738个小伙伴你呢萌好！
2016-11-20 17:13:03,看得我都想再看一遍了
2016-11-20 17:14:20,出售初号机玩具模型，淘宝小草
2016-11-20 17:14:28,十三号机
2016-11-20 17:15:41,量产机
2016-11-20 17:15:53,老婆
2016-11-20 17:16:11,如果这都不算爱
2016-11-20 17:16:17,十八号机
2016-11-20 17:16:46,零号机
2016-11-20 17:18:48,牛逼
2016-11-20 17:19:04,剧场版就是这画质啊
2016-11-20 17:20:14,开头见
2016-11-20 17:20:38,啊啊啊！大爱一生
2016-11-20 17:20:38,aa振动的好有节奏感呃啊 啊嗯
2016-11-20 17:20:45,哎，发觉能跟自己分享动漫的知己越来越少了。
2016-11-20 17:20:53,前方钢炼乱入
2016-11-20 17:22:56,一个镜头卡一次
2016-11-20 17:23:28,人比弹幕多 系列
2016-11-20 17:24:58,第一
2016-11-20 17:25:32,这里配的毫无违和感
2016-11-20 17:25:54,这里配的毫无违和感
2016-11-20 17:29:19, 新世纪福音战士
2016-11-20 17:29:49,卧槽牛逼疯了！！！
2016-11-20 17:30:28,爆炸
2016-11-20 17:30:49,bgm是什么
2016-11-20 17:31:35,求番名
2016-11-20 17:33:22,2333333
2016-11-20 17:33:27,这是什么番
2016-11-20 17:35:18,60帧是怎么做到的？？
2016-11-20 17:37:53,滑稽
2016-11-20 17:38:12,这帧数，绝了
2016-11-20 17:38:52,给你们讲个笑话：零号机没电了……
2016-11-20 17:39:44,哦
2016-11-20 17:41:26,可怕
2016-11-20 17:41:47,原视频为60帧 B站压缩成30帧了 建议去油管看原片
2016-11-20 17:42:40,从【虚幻引擎】里过来的！
2016-11-20 17:43:14,这是什么番
2016-11-20 17:43:16,给你硬币
2016-11-20 17:43:18,交出封面
2016-11-20 17:43:52,噢！在这儿停顿！！
2016-11-20 17:44:08,这是入宅以后看的第二个动漫
2016-11-20 17:44:45,震撼
2016-11-20 17:44:51,感觉弹幕都抖了
2016-11-20 17:45:28,人类补全后就是6阶啦
2016-11-20 17:46:01,"ㄟ( ,  )ㄏ"
2016-11-20 17:47:56,看见初号机 就滚进来了
2016-11-20 17:48:10,你们看过这动漫就有优越感了，谁给你们的？
2016-11-20 17:48:10,爆炸！
2016-11-20 17:49:20,二周目提醒：EVA迷请关闭弹幕，要不然影响心情
2016-11-20 17:51:07,野生的“世界”出现啦！
2016-11-20 17:51:29,见E滚！
2016-11-20 17:51:50,见封滚
2016-11-20 17:53:08,卡在了奇怪的地方
2016-11-20 17:55:05,小时候看的东西都忘记了，当初上学的时候强行补完TV版+剧场三部
2016-11-20 17:55:44,画质惊人
2016-11-20 17:56:00,爆
2016-11-20 17:56:05,我靠，炸了
2016-11-20 17:56:28,鬼畜区鬼畜区的233
2016-11-20 17:57:08,开始崩坏
2016-11-20 17:57:15,高帧数太爽了
2016-11-20 17:58:11,给大神跪了
2016-11-20 17:58:19,还有俩老剧场版死与新生和真心为你
2016-11-20 17:58:23,鸡皮疙瘩啊啊啊啊
2016-11-20 17:59:28,明日香是我的
2016-11-20 18:00:16,EVA都不知道的真是ACG的吗？
2016-11-20 18:01:00,逆天
2016-11-20 18:01:26,神作不是让你们用来炫耀的
2016-11-20 18:01:46,点啊
2016-11-20 18:02:02,帅炸
2016-11-20 18:02:12,我是00后eva我天天吹
2016-11-20 18:03:04,@沙耶
2016-11-20 18:03:54,追定了
2016-11-20 18:04:08,音乐和画面节奏把握好棒
2016-11-20 18:04:41,up6666
2016-11-20 18:05:13,碉堡了！！！
2016-11-20 18:05:54,bgm鬼畜2333
2016-11-20 18:06:05,也叫新世纪福音战士
2016-11-20 18:07:08,说国漫的，过来我保证不打死你
2016-11-20 18:07:11,..
2016-11-20 18:07:12,调整到超清还是30帧
2016-11-20 18:08:05,漂亮的视频
2016-11-20 18:08:46,钢炼！！！！！！
2016-11-20 18:09:30,这是新剧场版吗
2016-11-20 18:10:25,暂停成功
2016-11-20 18:10:32,弹幕断层
2016-11-20 18:10:35,3D渲染技术
2016-11-20 18:10:42,硬币我要你有何用？
2016-11-20 18:11:10,投币投币！！
2016-11-20 18:11:45,ave
2016-11-20 18:11:45,弹幕断层
2016-11-20 18:11:59,eva
2016-11-20 18:12:18,厉害了 火钳刘明
2016-11-20 18:12:25,这和我看的不是一个画质 Σ( ° △ °|||)
2016-11-20 18:13:06,00后不知道EVA的站住我02的
2016-11-20 18:15:39,颤抖地看着
2016-11-20 18:15:47,这张画质有点炸裂
2016-11-20 18:17:07,希望这个番画质充值一下，绝对逆天
2016-11-20 18:17:24,我天 这画质 牛逼
2016-11-20 18:17:29,撸一天了，表示停不下来了已经
2016-11-20 18:18:00, 前面说有生之年的，20周年的找打脸么，官方有消息是2017年8月了
2016-11-20 18:18:46,壮哉我大福音战士
2016-11-20 18:19:54,我大EVA还能再战
2016-11-20 18:20:31,机械舞的曲子
2016-11-20 18:22:00,卧槽给我顶上去，看着太爽了
2016-11-20 18:23:16,kkk
2016-11-20 18:23:29,头脑爆炸
2016-11-20 18:24:01,人类补奸计划
2016-11-20 18:26:18,我大eva还能再战500年
2016-11-20 18:29:21,1302
2016-11-20 18:31:36,TV版最经典，但是有点经历才好看懂，希望越来越多的人喜欢EVA
2016-11-20 18:32:11,初代本子王
2016-11-20 18:33:39,不愧是60FPS，真爽
2016-11-20 18:35:01,硬币走起
2016-11-20 18:36:43,上面的黄字不要误导小同学好么，这里的3D效果是新剧场版画面
2016-11-20 18:37:19,新剧场版出来的晚用了很多3D效果的渲染
2016-11-20 18:37:54,量产机去死啦！
2016-11-20 18:39:26,至于喜欢哪一款就看各位了
2016-11-20 18:40:52,画质好评
2016-11-20 18:42:37,弹幕支援
2016-11-20 18:43:00,观看比弹幕多系列！！！
2016-11-20 18:43:31,画质爆炸了，只有我还是纯洁的白色
2016-11-20 18:44:19,真的有这样的画质吗？
2016-11-20 18:44:57,这个我看过的eva不一样
2016-11-20 18:46:25,番名《新世纪福音战士》，绝对的经典
2016-11-20 18:46:54,剪辑的时候软件都是默认30帧，视频60帧看不出个所以然
2016-11-20 18:49:25,TV版年代早画面没有这么酷炫，但是确实有很多人生观的反思
2016-11-20 18:49:28,EVA永垂不朽 真希波永远是女神
2016-11-20 18:50:40,啊啊啊啊啊啊啊啊啊啊女神爱你啊啊
2016-11-20 18:50:45,瞬间爆炸
2016-11-20 18:50:46,啊啊啊啊啊啊啊啊啊啊这也是女神爱你爱你
2016-11-20 18:51:23,这是什么番（滑稽
2016-11-20 18:59:22,刚刚最后一个画面好像是原版eva
2016-11-20 18:59:54,火钳刘明
2016-11-20 19:07:39,钢炼乱入
2016-11-20 19:08:44,请收下我的硬币
2016-11-20 19:09:03,迷之颤抖
2016-11-20 19:09:42,我想看真人版
2016-11-20 19:10:36,看了5集没看懂
2016-11-20 19:11:13,没人么
2016-11-20 19:13:10,画质感人
2016-11-20 19:20:53,爆炸了！
2016-11-20 19:22:05,我才是暂停成功。
2016-11-20 19:25:32,重置版？
2016-11-20 19:27:42,我们的征途是星辰大海
2016-11-20 19:31:24,我大eva还能再战500年
2016-11-20 19:33:02,帅炸了
2016-11-20 19:34:41,做的好棒啊
2016-11-20 19:39:01,不就是硬币吗
2016-11-20 19:42:53,eva
2016-11-20 19:42:56,硬币我给了
2016-11-20 19:44:02,壮大我EVA
2016-11-20 19:44:12,EVA
2016-11-20 19:46:37,硬币，我留你何用！
2016-11-20 19:46:52,交BGM不杀
2016-11-20 19:47:22,我也是倒着看玩的。。。。根本接不上的说
2016-11-20 19:53:54,腻害了
2016-11-20 19:57:55,Eva   赞一个
2016-11-20 19:59:21,火钳刘明
2016-11-20 20:03:00,请问这是什么 动画
2016-11-20 20:04:03,额……都发生了点啥
2016-11-20 20:04:04,卧槽！画质逆天
2016-11-20 20:07:29,大触太可怕了！
2016-11-20 20:08:06,eva必须来捧场
2016-11-20 20:10:11,为什么不能问这算什么番
2016-11-20 20:12:58,燃爆了
2016-11-20 20:14:57,神
2016-11-20 20:17:34,火钳刘明
2016-11-20 20:21:03,留下弹幕
2016-11-20 20:24:55,童年阴影＋1
2016-11-20 20:26:20,话说为毛夹着钢炼？？我看到了打开星球之门的画面
2016-11-20 20:28:17,计数器君。。。
2016-11-20 20:29:26,不就是硬币么？！ 我给 ！
2016-11-20 20:35:19,贼tm爽
2016-11-20 20:36:37,开头见
2016-11-20 20:36:46,见图滚
2016-11-20 20:37:26,1
2016-11-20 20:39:27,入宅番
2016-11-20 20:40:24,暂停颜表
2016-11-20 20:41:05,讲真我第一次听说EVA是因为无限恐怖，那个罗什么融合了初代机是吧
2016-11-20 20:42:16,画质爆炸
2016-11-20 20:44:08,这画质 这bgm。我服 硬币拿走
2016-11-20 20:48:36,初号Cはca、精神A染常、暴走状Bと_Jされている。
2016-11-20 20:54:54,卡在这里作纪念
2016-11-20 20:55:10,绝对经典
2016-11-20 20:58:34,重制版的，up主，求云盘
2016-11-20 21:01:20,21:9赛高！
2016-11-20 21:02:50,可以，这很科学
2016-11-20 21:06:49,没人？！
2016-11-20 21:07:35,没人？！
2016-11-20 21:09:47,z
2016-11-20 21:10:17,那里还有最后一部剧场版笑！
2016-11-20 21:10:25,不一样!我一脸懵逼!
2016-11-20 21:11:09,AIR力场!
2016-11-20 21:14:05,画质赞
2016-11-20 21:15:36,瞅我一眼就浑身发抖
2016-11-20 21:23:18,使徒快跑啊！初号机没电了！
2016-11-20 21:26:23,b站以前有剧场版的 。。。。
2016-11-20 21:27:28,前面那个神tm天鹰战士
2016-11-20 21:28:00,求大神告诉我歌名
2016-11-20 21:31:47,想看初号机.. 一整集都是没点的状态
2016-11-20 21:32:57,每一帧都好美！
2016-11-20 21:36:41,什么鬼
2016-11-20 21:42:04,第一顿饭好多个好大雨：cy
2016-11-20 21:42:34,哇，光头
2016-11-20 21:45:43,THE END OF EVANGELION
2016-11-20 21:45:54,见eva就滚进来了
2016-11-20 21:47:25,染炸了
2016-11-20 21:52:11,这画质- -真的是00前的么
2016-11-20 21:53:10,壮哉我大eva
2016-11-20 21:56:09,封面滚
2016-11-20 21:59:31,有生之年系列
2016-11-20 21:59:49,啥番？糯蟮乃狄幌
2016-11-20 22:00:07,你们爱不爱薰
2016-11-20 22:01:36,壮哉我大EVA
2016-11-20 22:05:43,白骑士-月光
2016-11-20 22:06:19,漫长的3分钟
2016-11-20 22:09:16,就记得凌波领和飞鸟  忘了男主叫啥
2016-11-20 22:11:51,真心为你才是真结局。。新剧场只是骗钱计划罢了
2016-11-20 22:13:27,都是有一些我没看过的也
2016-11-20 22:14:51,凌波女神
2016-11-20 22:15:44,这个为什么和我看的画质不一样？
2016-11-20 22:16:40,这漫我就看了一点点 觉得好虐啊
2016-11-20 22:16:46,竟然有不知道EVA的
2016-11-20 22:16:52,卧槽 太牛逼了向UP主致敬
2016-11-20 22:17:28,还是最喜欢初号机
2016-11-20 22:18:58,暂停成功
2016-11-20 22:20:01,居然有人不知道EVA，是混二次元的么
2016-11-20 22:20:38,暂停成功
2016-11-20 22:21:43,我大EVA不能没有我的弹幕～
2016-11-20 22:22:43,eva  是神作  它包含了宗教哲理  所以叫新世纪福音战士
2016-11-20 22:23:07,弹幕了
2016-11-20 22:25:33,1号机不是没电最猛，是妈妈觉醒了。
2016-11-20 22:26:29,并不好看，太晃了
2016-11-20 22:28:50,eva  是由使徒细胞培养而来  暴走就是使徒意识觉醒
2016-11-20 22:29:20,EVA再战100年
2016-11-20 22:30:23,见封滚1001
2016-11-20 22:30:48,交出封面
2016-11-20 22:32:25,为什么我看的EVA只有30帧，这视频帧数这么高
2016-11-20 22:33:26,跪求bgm
2016-11-20 22:38:32,我打Eva
2016-11-20 22:38:46,我大Eva
2016-11-20 22:40:09,爆炸爆炸
2016-11-20 22:42:10,老夫要这硬币何用
2016-11-20 22:42:54,火钳刘明
2016-11-20 22:43:08,默认
2016-11-20 22:44:19,看的我想再去补一边剧场版了
2016-11-20 22:45:07,第三遍
2016-11-20 22:50:01,最爱的动漫没有之一
2016-11-20 22:52:22,这波看得太爽了
2016-11-20 22:52:48,没有永远流行的番剧，只有不灭的EVA
2016-11-20 22:53:07,怎么能这么帅
2016-11-20 22:53:25,开头见，硬币已投
2016-11-20 22:54:20,画质赞
2016-11-20 22:59:01,厉害了
2016-11-20 22:59:38,开头见
2016-11-20 22:59:47,厉害了
2016-11-20 23:00:02,求BGM
2016-11-20 23:01:29,这个做的疟了
2016-11-20 23:02:53,我的眼球怀孕了
2016-11-20 23:04:51,妈的超棒
2016-11-20 23:05:59,真人版
2016-11-20 23:06:50,厉害了我的姐
2016-11-20 23:06:57,Q算个卵 那不算EVA
2016-11-20 23:07:08,看见eva就进来了
2016-11-20 23:07:11,大多数都是Q，破 序里面的内容
2016-11-20 23:07:35,前方高能
2016-11-20 23:08:16,*加一
2016-11-20 23:08:30,我直接讲明白 这视频不可能60fps
2016-11-20 23:08:53,顶
2016-11-20 23:09:14,EVA涉及的东西太多，和现在的动漫不是一个档次
2016-11-20 23:09:37,庵野秀明神经了，eva剧场版要弃坑。
2016-11-20 23:10:22,见EVA滚
2016-11-20 23:10:47,黑客帝国乱入。
2016-11-20 23:11:31,碇真嗣大魔王
2016-11-20 23:12:48,当年神tmd被引进了，小孩子可以去搜新世纪神鹰战士
2016-11-20 23:14:53,这节奏棒棒
2016-11-20 23:15:08,都好都好动画
2016-11-20 23:16:02,b
2016-11-20 23:16:13,至今心理阴影的量产机。。。
2016-11-20 23:17:45,前面童年阴影的别走
2016-11-20 23:21:07,就冲EVA就给硬币
2016-11-20 23:24:22,前方高能 预警版
2016-11-20 23:25:07,重制版要是出
2016-11-20 23:25:49,新世纪福音战士
2016-11-20 23:26:54,eva赛高
2016-11-20 23:27:52,暂停……
2016-11-20 23:28:33,前方核能 红色预警
2016-11-20 23:28:34,感觉会被和谐掉，赶快下载
2016-11-20 23:28:57,前方核能 红色预警
2016-11-20 23:29:04,EVA确实本子多   初代三无傲娇弱受
2016-11-20 23:29:05,好久没看见eva了
2016-11-20 23:29:47,不懂eva倒是懂痞子因为q被人骂惨了
2016-11-20 23:30:00,EVA，我回来了
2016-11-20 23:30:32,这画质
2016-11-20 23:30:38,前方核能 红色预警
2016-11-20 23:30:44,赞   壮哉我大EVA
2016-11-20 23:30:48,画质66666
2016-11-20 23:30:54,前方核能 红色预警
2016-11-20 23:31:46,走你
2016-11-20 23:32:24, 剧场版4部：真心为你 破 续 Q   第五的还没出
2016-11-20 23:32:38,暂停成功
2016-11-20 23:32:52,核能 预警 核能 预警 核能 核能 预警
2016-11-20 23:33:07,核能 预警 核能 预警 核能 核能 预警
2016-11-20 23:33:23,核能 预警 核能 预警 核能 核能 预警
2016-11-20 23:33:35,核能 预警 核能 预警 核能 核能 预警
2016-11-20 23:33:55,AV画质
2016-11-20 23:34:08,好燃，我要去重看一遍了
2016-11-20 23:35:59,卡在这了
2016-11-20 23:37:43,我大Eva还能再战100年
2016-11-20 23:39:04,这BGM 这画质我服  给你硬币
2016-11-20 23:39:30,赞同
2016-11-20 23:41:06,厉害了我的哥
2016-11-20 23:47:47,钢炼乱入闹哪样
2016-11-20 23:49:27,我曹，eva啥时候有这画质的？
2016-11-20 23:50:08,我大EVA还能再战五百年！！！
2016-11-20 23:50:09,啥时候出第四部
2016-11-20 23:50:32,好赞
2016-11-20 23:50:36,av1267666  BGM一样
2016-11-20 23:50:54,画质爆炸！！！！
2016-11-20 23:51:16,什么眼张开，什么驾驶舱插入・・太污就来
2016-11-20 23:52:06,走轮子这段背景是黑客帝国动画版机器的复兴
2016-11-20 23:52:25,6666666666看的我都起鸡皮疙瘩了
2016-11-20 23:55:09,这BGM听的我还难受
2016-11-20 23:56:03,节奏感爆崩，跟着帧数跳动的很震撼！
2016-11-20 23:56:33,钢炼乱入
2016-11-20 23:56:49,画面拖拽感跟着音乐配合到爆
2016-11-20 23:58:13,等等。。。我好像看到“瓶中小人”（钢炼）了
2016-11-21 0:00:08,画质感人
2016-11-21 0:00:38,这个是十三号啦
2016-11-21 0:03:18,好帅
2016-11-21 0:03:21,花了不少时间啊
2016-11-21 0:05:04,这是什么鬼
2016-11-21 0:05:17,无限恐怖的站住等等我
2016-11-21 0:09:52,好帅
2016-11-21 0:12:09,投吧
2016-11-21 0:16:24,瞬间爆炸
2016-11-21 0:16:38,(ノ°ο°)ノ前方高能预警
2016-11-21 0:16:57,"(*°ω°*)?""非战斗人员请撤离！！"
2016-11-21 0:27:56,居然有人不知道Eva的
2016-11-21 0:30:10,真心为你全世界的橙汁啊。。
2016-11-21 0:30:54,建议关闭弹幕食用
2016-11-21 0:33:38,当时看吓得我。。。还有我Q还没看呢
2016-11-21 0:35:41,想起了丽的酥胸。。。
2016-11-21 0:37:13,画质爆炸
2016-11-21 0:42:05,偶来了
2016-11-21 0:48:49,在下暴走泰坦，一首暗地摩擦送给各位打深渊的舰长
2016-11-21 0:52:36,重制版？？？？
2016-11-21 1:04:51,不就是硬币嘛给你给你都给你
2016-11-21 1:05:33,但年全班同学一起看过，大部分人不喜欢，说老是一个画面不动在对话
2016-11-21 1:06:55,看到EVA就滚进来系列。。。
2016-11-21 1:07:36,什么动漫啊
2016-11-21 1:13:36,问二号机女的瞎眼的没看过剧场版啊
2016-11-21 1:14:15,都是结局 只不过tv版真神作
2016-11-21 1:15:30,这里有个画面是攻壳机动队无罪里的
2016-11-21 1:16:04,清
2016-11-21 1:16:55,老剧场版 可以的
2016-11-21 1:17:04,然
2016-11-21 1:18:14,看了好几年eva还是这么好看
2016-11-21 1:18:32,为什么我最爱的两个老婆都是蓝色短发。。雷姆零
2016-11-21 1:18:55,eva 我国内内地放映过的！有个很奇葩的名字，
2016-11-21 1:20:52,香香我的！
2016-11-21 1:27:10,我看不清
2016-11-21 1:31:15,我初号机暴走最tm
2016-11-21 1:32:47,我初号机觉醒真tm帅
2016-11-21 1:34:14,做得不错
2016-11-21 1:38:39,啥啊
2016-11-21 1:47:42,av511692物语60帧
2016-11-21 1:55:18,剧场版？
2016-11-21 1:55:36,有生之年还能看到剧场版
2016-11-21 1:57:09,这是剧场版好吗，画质当然好
2016-11-21 2:19:16,卧槽，高清版啶真？
2016-11-21 2:26:12,1117播放次数我进来了，刚好是我生日
2016-11-21 2:48:39,节奏把握的真是相当好i
2016-11-21 2:51:55,了啦啦啦啦啦啦啦啦
2016-11-21 2:56:14,竟然有EOE，这画质，对得起良心了。
2016-11-21 3:01:26,mama lover
2016-11-21 3:06:36,壮哉我大EVA
2016-11-21 3:09:19,可惜b站看不了啊
2016-11-21 3:30:10,这个是烧钱战士，还有省钱战士呢
2016-11-21 3:46:16,应援
2016-11-21 4:01:21,呜呼！手机卡卡
2016-11-21 4:23:34,我大薰嗣
2016-11-21 4:25:47,不知道EVA就不是二次元的吗 谁定的？
2016-11-21 4:39:27,60帧太幸福
2016-11-21 4:54:32,这画质腻害
2016-11-21 4:56:33,就冲这画质也要给硬币
2016-11-21 4:56:56,画面炸了
2016-11-21 5:58:18,明日香我的
2016-11-21 6:10:54,画质好高啊
2016-11-21 7:21:11,我来组成初号机的弹幕
2016-11-21 7:24:37,卧槽帅炸了！！！
2016-11-21 7:37:09,gaurdians at the
2016-11-21 8:11:25,这动漫是什么
2016-11-21 8:11:49,这动漫是什么
2016-11-21 8:23:01,明日香红
2016-11-21 8:40:15,前方高能！！！！！
2016-11-21 9:00:00,刚刚我看到钢炼了
2016-11-21 9:05:13,这画风什么鬼谁能解释一下这不是不认识的eva
2016-11-21 9:08:29,在哪里能看？？？？这番？？？？？
2016-11-21 9:09:31,在哪里能看这个番？
2016-11-21 9:09:47,在哪里能看这个番？
2016-11-21 9:13:58,"eva,我的童年"
2016-11-21 9:15:43,香香被掐脖子的时候
2016-11-21 9:19:25,什么龟(?o?;？
2016-11-21 9:22:14,厉害了。word哥
2016-11-21 9:23:04,eva是使徒加外骨骼
2016-11-21 9:27:24,见EVA滚 壮大我小初
2016-11-21 9:28:21,要是发现初号机没电了就跑~~~
2016-11-21 9:30:47,谁还记得鞠萍唱的op呢，好怀念当初在电视上看EVA的年代
2016-11-21 9:33:09,我擦 太可怕了..
2016-11-21 9:34:04,这是剧场版剪切  毫不
2016-11-21 9:38:44,很早就有人用这BGM做过EVA了
2016-11-21 9:42:35,yoooooo，慕名而来
2016-11-21 9:42:51,这个
2016-11-21 9:42:58,我老婆
2016-11-21 9:44:25,致我的童年
2016-11-21 9:50:03,弄错绫字的都不是真爱，丽是我的
2016-11-21 9:51:47,EVA不能算机甲，电子设备都是辅助，本身可是肉的
2016-11-21 9:53:57,可以，这很EVA
2016-11-21 9:58:19,前面标准的引战弹幕有胆顶端红色啊，这么怕举报？
2016-11-21 10:12:25,爱电音，爱EVA硬币必须的
2016-11-21 10:13:44,。
2016-11-21 10:13:58,这个黄字我服，新剧场版都没看过就出来科普了？你看的600X400画质？
2016-11-21 10:20:23,基佬紫
2016-11-21 10:20:39,这什么动漫？什么动漫？什么动漫？什么动漫求名字。
2016-11-21 10:21:37,这是什么动漫，求告Z
2016-11-21 10:22:36,谢谢告诉名字
2016-11-21 10:23:18,就问问B站啥时候收回版权？
2016-11-21 10:28:43,不就是硬币吗，倒回来投了
2016-11-21 10:29:10,我大EVA。。
2016-11-21 10:29:44,eva画面表现力爆炸
2016-11-21 10:33:45,"EVE,EVA,EVGA,.EV打头都很叼嘛"
2016-11-21 10:54:46,嗯嗯，这个很EVA
2016-11-21 10:55:12,这么多人了。。。
2016-11-21 11:07:12,是真的厉害画面和音乐的配合
2016-11-21 11:20:41,明日香是我的！
2016-11-21 11:26:17,新世纪天鹰战士
2016-11-21 11:36:32,无限循环中
2016-11-21 11:59:06,帅炸
2016-11-21 12:04:03,贼帅！
2016-11-21 12:04:44,我EVA还能再帅上一百年
2016-11-21 12:04:50,不是吧...air不推荐应该是因为没看老tv直接看不容易明白发生了什么吧……
2016-11-21 12:05:31,贼像心脏跳动
2016-11-21 12:18:53,！！！！全程颤抖高能！！！！
2016-11-21 12:19:11,这可不到60fps
2016-11-21 12:19:43,！！！！！全程颤抖高能！！！！！......................
2016-11-21 12:30:47,真希波粉承包玛丽，我爱你爱到死
2016-11-21 12:54:52,这画质TMD怎么搞出来的
2016-11-21 13:00:57,红眼才是真爱！
2016-11-21 13:02:55,tai
2016-11-21 13:03:53,、
2016-11-21 13:26:09,鸡皮疙瘩
2016-11-21 13:42:22,画质炸裂
2016-11-21 13:44:26,eva
2016-11-21 14:01:36,我爱我薰
2016-11-21 14:22:23,超棒卧槽
2016-11-21 15:22:02,画质上天
2016-11-21 15:45:06,起番名的的确有点搞笑的了
2016-11-21 17:02:13,看哭了！
2016-11-21 17:03:37,这才是正版
2016-11-21 17:04:30,233
2016-11-21 17:06:16,画质太赞！
2016-11-21 17:07:19,小时候看的时候哪有这画质0.0
2016-11-21 17:08:30,不愿意看就走喷你妹啊 一个个闲的
2016-11-21 17:12:57,麻蛋我中二之魂要燃烧了！！
2016-11-21 17:14:29,我的画质一定是油墨画
2016-11-21 17:20:18,前方核能
2016-11-21 17:26:36,老爹？？？
2016-11-21 17:30:33,本子王
2016-11-21 17:33:39,不就是想要硬币么！给你就是了！
2016-11-21 17:49:35,小时候第一个拼图就是EVA的
2016-11-21 18:16:39,为了我大EVA刷一波
2016-11-21 18:33:24,1
2016-11-21 18:36:45,这剧经过多个制作人修改本身已经面目全非
2016-11-21 18:37:04,估计连原作者都不知道当初要搞些什么了
2016-11-21 18:37:22,总之，开心就好
2016-11-21 18:48:19,Asuka在破里驾驶三号机 被初号机咬断了插入栓 应该是那时候瞎的
2016-11-21 19:37:10,吓的我去看EVA了
2016-11-21 19:37:33,21/9
2016-11-21 19:49:29,TV不用看？行了吧你
2016-11-21 19:50:42,这里最燃了！！！
2016-11-21 19:51:42,毕竟是唯一的神作
2016-11-21 19:58:19,节奏把握的很好啊
2016-11-21 20:27:47,画质感人
2016-11-21 20:55:15,这里是科普（伪）
2016-11-21 20:55:55,番名叫做新世纪福音战士
2016-11-21 20:56:05,简称EVA
2016-11-21 20:56:49,在我读小学那会（95年出生），有国语版：天鹰战士
2016-11-21 20:57:44,也就是这个版本（天鹰战士）的op是鞠萍姐姐唱的
2016-11-21 20:57:46,勇敢的少年快去创造奇迹
2016-11-21 20:58:16,强啊
2016-11-21 20:58:41,弹幕太少
2016-11-21 20:58:48,补番顺序：TV版→真心为你→序→破→Q
2016-11-21 20:59:10,好吧，刚刚的补番顺序是个人的推荐
2016-11-21 20:59:42,因为Q实在是有点，，，，偏向诡异+解密（都说了是伪科普啦）
2016-11-21 21:00:31,三无始祖凌波丽，傲娇始祖明日香，废柴始祖锭真祠
2016-11-21 21:01:45,最后，祝愿陪我从小到大的EVA一只流传下去
2016-11-21 21:02:08,还有，凌波丽是我女神！！！！
2016-11-21 21:02:09,你们憋抢 阿西吧
2016-11-21 21:03:11,醒目。看到后面有我个人的科普
2016-11-21 21:03:27,至于为什么要放到后面、、、、
2016-11-21 21:07:37,我曹
2016-11-21 21:19:13,铠甲的不要跑
2016-11-21 21:49:44,那个OP不是鞠萍姐姐唱的，早就辟谣了↓
2016-11-21 22:10:06,兹持
2016-11-21 22:12:48,表示有蓝光版全集，加剧场版
2016-11-21 22:15:30,如果原作能重置成这个质量，简直爆炸啊
2016-11-21 22:18:00,表示第一次看TV版EVA时真的是越看越懵逼
2016-11-21 22:23:43,卡在奇怪的地方
2016-11-21 22:35:04,EVA大爱！
2016-11-21 22:35:41,Asuka!
2016-11-21 22:36:13,Asuka!
2016-11-21 22:36:24,Asuka!
2016-11-21 22:45:21,00后不知道EVA的站住我01的
2016-11-21 22:55:31,把绫波丽！还！给！我！
2016-11-21 23:15:42,火钳刘明
2016-11-21 23:19:49,这画质我服
2016-11-21 23:25:40,见eva滚
2016-11-21 23:26:27,注:原作并没有这么多的仿3d效果，这是up主自己做的
2016-11-21 23:26:57,但是原作和几部剧场版都非常好，建议小同学们看
2016-11-21 23:27:35,而且不要只看不想，这部动漫有很多人生哲学需要思考的
2016-11-21 23:29:26,暂停成功
2016-11-21 23:30:06,开头见
2016-11-21 23:32:08,没听说过EVA的，除了年纪很小的，其他人真的别说自己是了解动漫的
2016-11-21 23:34:55,看见EVA我就进来了 颜色代表立场！
2016-11-21 23:36:22,十三号机
2016-11-21 23:38:08,把凌波  还我！
2016-11-21 23:39:13,凌波丽是我的 说休想的都是后来的 零号机也是我的
2016-11-21 23:40:56,把凌波 还给我！！！！！！！
2016-11-21 23:42:50,把凌波 还！给！我！！
2016-11-21 23:43:09,六阶的你别跑！我一阶都还没解开呢
2016-11-21 23:44:01,再补你一脚！！！！
2016-11-21 23:44:40,十三号机！
2016-11-21 23:45:28,这风格不像B站高清啊
2016-11-22 0:21:33,到哪看完整的
2016-11-22 0:22:07,完整的哪儿有
2016-11-22 0:22:34,第四部剧场版什么时候出啊
2016-11-22 1:50:06,看的我又把几个剧场版从看了一遍
2016-11-22 1:51:08,化物语那个好看
2016-11-22 1:53:38,太棒了
2016-11-22 4:29:48,21333333333333322222222222222222222222244414124123123123
2016-11-22 5:44:22,跟着节奏
2016-11-22 6:54:46,跟宗教有关，不怎么能看懂
2016-11-22 7:11:56,超然---崩坏---节奏----画质---热线---震撼
2016-11-22 8:18:59,不就是K硬
2016-11-22 9:55:40,真是30fPS
2016-11-22 10:12:07,每秒60张图案播放 就叫60帧
2016-11-22 10:42:52,这个网络，也是没谁了
2016-11-22 12:39:29,↓ 谢谢指正 呃，不是说了是科普（伪）么
2016-11-22 12:39:54,↓ 谢谢指正 ，，，都说了是科普（伪）啦= - =
2016-11-22 12:46:37,不就是硬币吗！
2016-11-22 14:40:58,画质感人
2016-11-22 14:47:15,承包眼镜妹子承包眼镜妹子
2016-11-22 14:47:38,眼镜妹子是真爱眼镜妹子是真爱
2016-11-22 14:55:13,大家好我用的是A卡能补帧到60
2016-11-22 15:36:16,动起来  快点给我动起来
2016-11-22 16:51:21,太帅了
2016-11-22 17:29:27,小美
2016-11-22 17:52:45,鸡皮疙瘩
2016-11-22 17:57:14,我要这硬币何用！！
2016-11-22 18:17:47,看完浑身战栗
2016-11-22 18:45:21,跪着看完。。。
2016-11-22 19:11:13,高能
2016-11-22 19:44:30,恕我直言..这番比在坐的各位都大
2016-11-22 19:47:09,我怎么感觉我看盗版了
2016-11-22 20:02:25,EVA
2016-11-22 20:19:45,痞子沉迷哥斯拉
2016-11-22 20:20:50,见E滚
2016-11-22 20:22:37,129
2016-11-22 22:23:25,看着爽就行了，管他有没有六十帧
2016-11-22 22:38:16,酷炫
2016-11-22 22:41:26,已收藏
2016-11-22 23:04:58,我是后面的科普红（伪）
2016-11-22 23:06:41,"前面有人说air,那是TV版的另一个结局"
2016-11-22 23:06:57,但很血腥
2016-11-22 23:07:41,另外，air又名《真心为你》
2016-11-22 23:07:55,最后，希望大家能喜欢
2016-11-22 23:10:12,刚刚有人说，机甲部分知识辅助用
2016-11-22 23:10:29,那是“限制装置”
2016-11-22 23:11:20,限制什么的呢？
2016-11-22 23:11:33,就是不说，因为在这个视频里有
2016-11-22 23:13:26,新剧场版.....全称“新世纪圈钱计划”
2016-11-22 23:15:28,这货不是初号机！！！！
2016-11-22 23:16:25,不懂的可以直接去百度！！
2016-11-22 23:17:02,EVA是现在所有番的鼻祖？
2016-11-22 23:17:22,一看就是来引战的
2016-11-22 23:17:48,请无视那些引战的弹幕
2016-11-22 23:18:28,童年阴影+1
2016-11-22 23:21:06, 什么时候出第四部？
2016-11-22 23:22:32,想看第四部，去给痞字寄刀片吧、谢谢
2016-11-22 23:23:57,你猜啊
2016-11-22 23:24:40,说“凌波丽是我的”的人
2016-11-22 23:24:53,你不知道凌波丽是克隆人么
2016-11-22 23:25:32,凌波丽是克隆男主的母亲
2016-11-22 23:26:04,燃鹅，男主的妈妈的意识在初号机的灵魂深处
2016-11-22 23:26:39,我是作死的科普红（伪）
2016-11-22 23:28:12,问BGM的请看简介
2016-11-22 23:28:38,Music: - Modestep &amp; Koven - Take It All
2016-11-22 23:28:47,对，真应该再补你一脚
2016-11-22 23:43:26,Hail eva
2016-11-23 0:48:10,开头间
2016-11-23 1:54:10,bgm？
2016-11-23 6:38:08,“超清”的FPS也没有60，国内上传还有格式要求，真是怪异
2016-11-23 6:40:46,如果是为了省宽带，轮播算啥，2G上限算啥，规定的格式还差
2016-11-23 9:03:08,我要看欧派
2016-11-23 9:43:42,把绫波丽！还！给！我！
2016-11-23 11:21:43,扭曲的世界，扭曲的脸，扭曲的都是血。。。。。。
2016-11-23 12:46:47,A 卡带我一个
2016-11-23 13:02:36,这画面炸裂
2016-11-23 14:11:46,"好好好给你还不行吗,还要特意登陆一下给硬币"
2016-11-23 14:49:26,恕我直言感觉差点什么
2016-11-23 14:55:50,看见我EVA必要滚进来
2016-11-23 15:21:38,画质为什么这么好？
2016-11-23 15:32:16,我已经起了一身鸡皮疙瘩
2016-11-23 16:07:11,画质感人
2016-11-23 16:55:13,我的童年EVA
2016-11-23 17:31:02,好棒！！！！！
2016-11-23 17:40:05,好带感
2016-11-23 17:48:36,求番名
2016-11-23 17:54:22,新世纪福音战士？？？
2016-11-23 18:03:32,下边的红字能不能不要信口开河，还换一个结局。
2016-11-23 18:04:10,先搞清楚TV版和AIR/真心为你这个剧场版的发行先后顺序行不行？
2016-11-23 18:04:46,TV版最后就是没钱了，痞子又爱折腾，所以才有这么个神棍的结局。
2016-11-23 18:05:23,AIR/真心为你是TV版上映之后反响不错
2016-11-23 18:05:42,才有的这个发行名称为
2016-11-23 18:06:33,The End of Evangelion的剧场版
2016-11-23 18:06:56,AIR和真心为你，是这个剧场版的上下两部分的名字
2016-11-23 18:07:55,AIR为明日香的二号机被量产机生吞，初号机出现为止的部分
2016-11-23 18:08:20,真心为你就是EOE这个剧场版的后半部分
2016-11-23 18:09:45,一般习惯性将剧场版的两部分作为EVA的真正的25 26话
2016-11-23 18:11:14,科普之前，能不能先去贴吧，论坛得到靠谱的结论之后再来大放阙词？
2016-11-23 18:11:55,真是谁都能当科普，方正误导了也不用负责，逼已经装了。
2016-11-23 18:13:59,壮哉我大EVA
2016-11-23 18:22:47,上边的红字，这部剧至始至终都是庵野秀明作为导演和主创
2016-11-23 18:23:05,神他么经过这么多制作人
2016-11-23 18:23:33,包括TV版，剧场版，新剧场版，从来没变过。
2016-11-23 18:23:50,说话之前能不能过过脑子？
2016-11-23 18:25:45,下边的科普，啥都不懂就别出来丢人了。
2016-11-23 22:13:35,卧槽这个画质
2016-11-23 23:42:52,不明觉厉
2016-11-24 0:44:42,牛逼的双插入栓～！！！！
2016-11-24 11:00:06,弹幕测试
2016-11-24 11:05:00,这什么动漫
2016-11-24 11:05:11,第一
2016-11-24 11:18:58,火钳刘明
2016-11-24 11:20:07,EVA
2016-11-24 11:23:57,问什么动漫的暴露年龄了，，
2016-11-24 11:25:34,节奏感爆炸
2016-11-24 11:25:39,前30w
2016-11-24 11:25:57,我没开弹幕吗
2016-11-24 11:30:05,6啊
2016-11-24 11:33:43,呃呃
2016-11-24 11:35:12,不错的呀，怎么没人
2016-11-24 11:36:42,火钳刘明
2016-11-24 11:37:27,零是我的
2016-11-24 11:43:08,终于好了！突然不能看我也是醉了
2016-11-24 11:44:37,坐等爆发
2016-11-24 11:44:50,火钳刘明
2016-11-24 11:46:23,18
2016-11-24 11:46:59,这大楼抖动的好鬼畜啊233333333
2016-11-24 11:47:53,每次看这个大楼抖动一秒出戏233
2016-11-24 11:57:59,进度条不科学
2016-11-24 12:00:40,见图gun
2016-11-24 12:03:05,说二号机那个女的，你等着别走
2016-11-24 12:19:56,看过何来的优越感
2016-11-24 12:29:24,见eva滚
2016-11-24 12:29:32,&lt;?好无聊啊/&gt;
2016-11-24 12:30:04,画质感人
2016-11-24 13:43:49,韩晓明发来贺来和
2016-11-24 13:44:12,看到EVA滚进来了
2016-11-24 14:25:26,这一幕太帅了
2016-11-24 14:26:26,！！！！
2016-11-24 14:29:04,！！！炸卡！！！
2016-11-24 14:30:16,上边的红字，还是我，你真是EVA迷的耻辱
2016-11-24 14:31:06,神他么真结局是死与新生，你看过死与新生么？
2016-11-24 14:31:52,神他么破也是TV版的重做和浓缩
2016-11-24 14:36:28,你真的看完过破么？弹幕不方便说话，我们评论见！
2016-11-24 14:37:04,你真的看完过破？弹幕不方便说话，我们评论见！
2016-11-24 14:51:34,我爱EVA我自豪。香党一枚。
2016-11-24 16:39:14,看见eva就进来了
2016-11-24 16:46:31,画质感人
2016-11-24 17:19:09,太厉害
2016-11-24 18:06:54,求bgm
2016-11-24 18:25:02,ll矶
2016-11-24 18:29:31,丽是我的(??ω?)?嘿
2016-11-24 18:31:52,求BGM
2016-11-24 18:46:52,必有我
2016-11-24 19:36:42,绫波零是我女神，相比起大众化的丽，我跟喜欢零这个翻译
2016-11-24 19:57:39,交出BGM
2016-11-24 20:10:47,↓真心为你看过三次，次次感觉不一样
2016-11-24 20:27:30,真棒
2016-11-24 20:39:55,这是最近的新番吗？
2016-11-24 20:40:36,2016冬季新番？看着有点虐
2016-11-24 20:44:14,求封面原图
2016-11-24 21:01:29,明我喜欢你
2016-11-24 21:04:24,哇啊啊啊有生之年！！！
2016-11-24 21:11:04,啊，初中开始看的
2016-11-24 21:11:31,男主真废材，第一印象就是废材
2016-11-24 21:32:12,画质感人
2016-11-24 21:32:26,画质感人系列
2016-11-24 21:35:19,我的妈呀
2016-11-24 21:43:28,这是剧场版
2016-11-24 22:16:17,１５１位小伙伴
2016-11-24 22:24:09,耳机党福利
2016-11-24 23:14:18,00后不知道Eva的给我站住，我就是00的！
2016-11-24 23:17:48,见封滚
2016-11-24 23:21:16,再再来来一一遍遍
2016-11-24 23:22:42,161位宅宅
2016-11-24 23:27:59,入坑把少年！新世纪福音战士！网上查看观看顺序
2016-11-24 23:47:14,卧槽画质
2016-11-24 23:49:59,我国内地的名字叫新世纪天鹰战士
2016-11-25 0:46:06,第一遍看视频，第二遍看弹幕
2016-11-25 0:49:57,北平人的我笑出了身
2016-11-25 1:55:20,都是哥，懂得多，很诺难子
2016-11-25 4:14:36,为了60帧，这硬币我给了
2016-11-25 6:19:35,没有一点点防备。。am就来了
2016-11-25 6:20:00,eoe好评
2016-11-25 9:14:22,最后一部到底什么时候能出
2016-11-25 10:00:59,垃圾剧情，我也就看了六百多遍就腻了
2016-11-25 10:06:04,此世为王！傲笑周苍！
2016-11-25 10:18:19,为什么刚才那一瞬间有攻壳机动队。。。。
2016-11-25 10:38:43,这画风，我是不是走错了
2016-11-25 11:34:46,@阿轰大萌神丶
2016-11-25 12:05:41,居然还有不知道eva的？
2016-11-25 13:22:02,漏电了哎
2016-11-25 13:24:19,modestep&amp;amp；amp；koven-take it all
